1,EKAMBARESWARAR TEMPLE,EKAMBARESWARAR SANIDHI STREET,12.84581,79.70031
2,KANGHANESHWARARAR TEMPLE,KULLAPPAN STREET,12.84378,79.70373
3,SEVANDEESWARAR TEMPLE,OLI MOHAMED PETTAI(PANJUPETTAI BIG STREET),12.85088,79.69874
4,PARUTHEESWARAR TEMPLE,BEHIND PANJUPETTAI BIG STREET,12.8543,79.69834
5,MRITHUNDHESHWARAR TEMPLE,JAWAHARLAL /BIG KAMALA STREET,12.84558,79.70588
6,ONAGANDEESHWARAR TEMPLE,PANJUPETTAI BIG STREET,12.85021,79.69455
7,PIRAVADHEESHWARAR TEMPLE,JAWAHARLAL /BIG KAMALA STREET,12.84561,79.70530
8,RAMANTHA SWAMY THIRUKOVIL,KAMARAJAR STREET,12.84415,79.70011
9,PASUVESWARASWAMY TEMPLE,PANJUPETTAI BIG STREET,12.84936,79.6967
10,PERIYANDAVAR ARULMIGU GURUNATHA SWAMY TEMPLE,BIG KAMALA FIRST STREET,12.84702,79.70667
11,RUDRAKOTEESWARAR TEMPLE,"KONERIKUPPAM, IYGARAN NAGAR",12.84797,79.71033
12,SRI KOWSIKESHWARAR TEMPLE,SANNIDHI STREET,12.84077,79.70405
13,MAGAALEESHWARAR TEMPLE,JAWAHARLAL /BIG KAMALA STREET,12.84173,79.70284
14,IRAVADHESHWARAR,WEST RAJA STREET,12.83780,79.70180
15,SRI MRITHINGAYESHWARAR(IRAVA STREETHANAM),JAWAHARLAL /BIG KAMALA STREET,12.84551,79.70498
16,MATHANGESVARA TEMPLE,HOSPITAL ROAD,12.83566,79.70817
17,MUKTESVARA TEMPLE ,EAST RAJA STREET,12.84176,79.70416
18,ABHIRAMESHWARAR TEMPLE,ULAGALANDHA PERUMAL MADA STREET,12.83832,79.70467
19,SRI KANNESHWARAR TEMPLE,SENGAZHU NEERODAI ROAD,12.84108,79.70421
20,VEERATANESHWARAR,JAWAHARLAL /BIG KAMALA STREET,12.84613,79.7052
21,NAGARESSHWARAR TEMPLE,EAST RAJA STREET,12.83654,79.70657
22,MAHLINGESHWARAR TEMPLE,APPARAO STREET,12.84460,79.70670
23,ARUNACHALESWARAR TEMPLE,KAMARAJ NAGAR STREET,12.84645,79.70835
24,KADAKESHWARA TEMPLE,BIG KAMALA STREET,12.84360,79.70417
25,PANJAMUKESHWAR TEMPLE,KAMARAJ NAGAR FIRST STREET,12.84669,79.70719
26,PERIYA ANDAVAR TEMPLE,JAWAHARLAL /BIG KAMALA STREET,12.84709,79.70659
27,KAILASANATHAR ,KAILASANATHAR TEMPLE ROAD  ,12.84209,79.68992
28,EASHWARAN TEMPLE,EKAMBARESWARAR SANIDHI STREET,12.84083,79.69861
29,THAANTHODREESWARAR TEMPLE,EKAMBARESWARAR SANIDHI STREET,12.84056,79.69861
30,SAMPATH KAREESWAR/ARASU KATHA AMMAN TEMPLE,EKAMBARESWARAR SANIDHI STREET,12.84333,79.69944
31,JURAGARESHWARAR ,EKAMBARESWARAR STREET,12.84205,79.69911
32,SRI SARGURU SIVAGAMI SAMEDHA ESWARAN TEMPLE AND ASHRAM ,GENGAI AMMAN KOIL STREET,12.84639,79.69139
33,ARISABA BAYANTHEERTHA EASHWARAN TEMPLE,WEST RAJA STREET,12.83715,79.70339
34,KACHI ANEGA THANGAVADEESHWARAR TEMPLE,KAILASANATHAR TEMPLE ROAD  ,12.84083,79.69111
35,HAYAGRIESWARAR TEMPLE/AGATHEESWARAR TEMPLE,KAILASANATHAR TEMPLE ROAD  ,12.84101,79.69406
36,AMARESHWARAR TEMPLE,PARAMASHIVA STREET,12.83997,79.70068
37,EASHWARAN KOIL AND MADAM ,PARAMASHIVA STREET,12.84222,79.70000
38,MEIKANDEESHWAR TEMPLE,PARAMASHIVA STREET,12.84248,79.70019
39,MALLIKARJUNESHWARAR TEMPLE,SARVATHEERTHA THENKARAI STREET,12.84583,79.69417
40,SRI SEETHESWARAR / LAKSHMANESWARAR TEMPLE,SARVATHEERTHA KULAM STREET,12.84569,79.69479
41,KAASI VISHWANATHAR TEMPLE,SARVATHEERTHA KULAM KARAI STREET,12.84676,79.69399
42,IRANEESWARAR TEMPLE,SARVATHEERTHA KULAM KARAI STREET,12.84639,79.69389
43,THEERTHESWARAR TEMPLE,SARVATHEERTHA KULAM KARAI STREET,12.84672,79.69396
44,KAMESHWARAR TEMPLE,SARVATHEERTHA KULAM KARAI STREET,12.84672,79.69396
45,YOGESWARAR TEMPLE,SARVATHEERTHA KULAM KARAI STREET,12.84583,79.69528
46,ANUMANTHESWARAR TEMPLE,SARVATHEERTHA KULAM KARAI STREET,12.84583,79.69528
47,THAVALESHWARAR TEMPLE,KAMARAJAR STREET,12.84694,79.69472
48,SITHEESWARAR TEMPLE,KAMARAJAR STREET,12.83139,79.70333
49,NAGAREESWARAR TEMPLE,KAMARAJAR STREET,12.82444,79.70361
50,KANIKANDEESWARAR TEMPLE,KARUKINIL AMARDHAVAL KOIL STREET,12.82639,79.70000
51,MANDALESHWARAR TEMPLE,NARASINGARAYAR STREET,12.83806,79.69972
52,MANDU KANEESWARAR TEMPLE,NARASINGARAYAR STREET,12.83639,79.69806
53,VILVANATHEESHWARAR TEMPLE,PILLAYARPALAYAM,12.83472,79.69444
54,CHIDAMBAREESWARAR TEMPLE,PUDHUPALAYAM,12.83091,79.00000
55,KACHABAREESWARAR TEMPLE,SVN PILLAI ,12.83864,79.70148
56,KAYAROHANESHWARAR / GURU TEMPLE,THAYAAR KULAM,12.82813,79.69605
57,IRAVATHEESWARAR TEMPLE,VANIGAR STREET,12.83861,79.70139
58,CHENNAKESWARAR TEMPLE,DHANAPPAN STREET,12.83897,79.69786
59,RUDRA KOTEESWARAR TEMPLE,PUDHUPALAYAM,12.83081,79.69419
60,SRI MAHA AANDHA RUDHRESHWARAR TEMPLE,CSM STREET,12.83251,79.69235
61,VEGAVATHIEESHWARAR TEMPLE,CSM THOPPU,12.83032,79.68878
62,VANEESWARAR TEMPLE,LINGAPPAN PALAYAM ,12.83123,79.69223
63,SOLIEESHWARAR TEMPLE,SOLEESHWARAR STREET ,12.83537,79.68588
64,SRI ANNADHI RUDHRESHWARAR TEMPLE,THIRUMAL RAJA STREET,12.83444,79.68889
65,UTHUKETTA MUKTHEESHWARA TEMPLE,THIRUMETRAIL STREET,12.83472,79.69306
66,KALATHEESHWARAR TEMPLE,THIRUMETRAIL STREET,12.83463,79.69328
67,THIRMETRAILINATHAR TEMPLE,THIRUMETRAIL STREET,12.83500,79.69167
68,THAKTHEESHWARAR TEMPLE,THIRUVEGAMBAN STREET,12.83519,79.68809
69,MUKTHEESWARA TEMPLE,GANDHI ROAD,12.82806,79.70722
70,VAZHAKARUDEESHWARAR TEMPLE,GANDHI ROAD,12.82944,79.70472
71,DHARMESHWARAR TEMPLE ( PARAMJOTHI AMMAN TEMPLE),RAILWAY ROAD,12.83767,79.71238
72,KASIVISWANATHAR/VANEESWARAR TEMPLE,GANDHI ROAD,12.82583,79.70861
73,NATARAJA TEMPLE,KOTRAMPALAYAM ,12.81972,79.70944
74,KASIPESWARAR/AMMAN TEMPLE,VEGAVATHI RIVER ROAD,12.82108,79.71330
75,PUNNIYAKOTEESHWARAR TEMPLE,PUNNIYAKOTEESHWARAR TEMPLE,12.81739,79.72077
76,SRI SANTHALEESHWARAR TEMPLE,SANTHALEESHWARAR TEMPLE STREET,12.81840,79.71324
77,SRI BHAGESHWARAR TEMPLE,KUMARESAN NAGAR,12.81699,79.70689
78,SRI BHAH MANYESHWARAR,KUMARESAN NAGAR,12.81664,79.70689
79,VEDHAVANESHWARAR TEMPLE,MOTTAKULAM ST,12.81418,79.72027
80,VEDITHUKOODIYA VASISHTESHWARAR TEMPLE,NEAR SANTHALEESWARAR TEMPLE,12.81804,79.71327
81,KIZHAKU KAILASANATHAR TEMPLE,SEVILIMEDU,12.80841,79.68982
82,NORTH (UTRAYANA) KAILASANATHAR TEMPLE,SEVILIMEDU,12.81576,79.68263
83,BRAHMAPURISHWARAR TEMPLE,MILITARY ROAD,12.81008,79.73065
84,VEGAVATHEESWARAR/SAKTHI VINAYAGAR TEMPLE,KAVALAN GATE,12.82389,79.70056
85,GURU TEMPLE / KAYOROGANEESWARAR TEMPLE,THAYAR KULAM STREET,12.82813,79.69605
86,LINGESHWARAR TEMPLE,THAYARKULAM BURIAL GROUND ROAD,12.82583,79.69528
87,ADHIPATHEESHWARAR TEMPLE,UTTARMERUR MAIN ROAD,12.82444,79.70361
88,VIRUPATEESHWARAR TEMPLE,UTTARMERUR MAIN ROAD,12.82420,79.70326
89,PANAMUDEESHWARAR TEMPLE,UTTARMERUR MAIN ROAD,12.82194,79.70389
90,GAUTHAMESHWARAR TEMPLE,UTTARMERUR MAIN ROAD,12.81751,79.70490
91,ARAMVALATHESWARAR TEMPLE,VALATHEESHWARAN KOIL STREET,12.82444,79.70170
92,SWAMY SATHYANATHAR TEMPLE,THIRUKALIMEDU ROAD,12.82825,79.71721
93,MANIKANDEESHWAR TEMPLE,T.K.NAMBI ROAD,12.82151,79.71591
